Model,class imbalance technique,ROC-AUC,churn Recall-1,Non-churn Recall-0,Precision,F1 Score,Confusion Matrix,Accuracy
GradientBoosting,OverSampling,0.8719459058442108,0.7616707616707616,0.8148148148148148,0.512396694214876,0.6126482213438735,"[[1298  295]
 [  97  310]]",0.804
GradientBoosting,TomekLinks,0.8713320408235663,0.5331695331695332,0.9541745134965474,0.7482758620689656,0.6226685796269728,"[[1520   73]
 [ 190  217]]",0.8685
GradientBoosting,AllKNN,0.8699454462166327,0.7199017199017199,0.8462021343377275,0.5446096654275093,0.6201058201058202,"[[1348  245]
 [ 114  293]]",0.8205
GradientBoosting,None,0.8690632080462589,0.5036855036855037,0.9642184557438794,0.7824427480916031,0.6128550074738416,"[[1536   57]
 [ 202  205]]",0.8705
XGBoost,TomekLinks,0.8684069277289616,0.5282555282555282,0.9541745134965474,0.7465277777777778,0.6187050359712231,"[[1520   73]
 [ 192  215]]",0.8675
GradientBoosting,UnderSampling,0.8678061728909185,0.769041769041769,0.8016321406151915,0.49761526232114467,0.6042471042471043,"[[1277  316]
 [  94  313]]",0.795
XGBoost,UnderSampling,0.8666864090592904,0.769041769041769,0.8066541117388575,0.5040257648953301,0.6089494163424124,"[[1285  308]
 [  94  313]]",0.799
XGBoost,None,0.8661249847690526,0.4864864864864865,0.9673571876961707,0.792,0.6027397260273972,"[[1541   52]
 [ 209  198]]",0.8695
GradientBoosting,SMOTE,0.8653291195664077,0.687960687960688,0.8782172002510985,0.5907172995780591,0.6356413166855845,"[[1399  194]
 [ 127  280]]",0.8395
XGBoost,AllKNN,0.8645525340440595,0.742014742014742,0.8367859384808537,0.5373665480427047,0.6233230134158927,"[[1333  260]
 [ 105  302]]",0.8175
RandomForest,None,0.8645440509847289,0.44963144963144963,0.9730069052102951,0.8097345132743363,0.5781990521327014,"[[1550   43]
 [ 224  183]]",0.8665
RandomForest,TomekLinks,0.864366677926,0.5110565110565111,0.9623352165725048,0.7761194029850746,0.6162962962962963,"[[1533   60]
 [ 199  208]]",0.8705
RandomForest,OverSampling,0.8636710670608976,0.7051597051597052,0.8537350910232266,0.551923076923077,0.6192017259978425,"[[1360  233]
 [ 120  287]]",0.8235
GradientBoosting,SMOTETomek,0.862849752680261,0.6805896805896806,0.879472693032015,0.5906183368869936,0.632420091324201,"[[1401  192]
 [ 130  277]]",0.839
XGBoost,SMOTEENN,0.8627333034112695,0.7469287469287469,0.8116760828625236,0.5033112582781457,0.6013847675568744,"[[1293  300]
 [ 103  304]]",0.7985
RandomForest,SMOTETomek,0.861528708986336,0.7125307125307125,0.8487131198995606,0.5461393596986818,0.6183368869936035,"[[1352  241]
 [ 117  290]]",0.821
GradientBoosting,ADASYN,0.8611546831885815,0.6609336609336609,0.8826114249843063,0.5899122807017544,0.6234067207415991,"[[1406  187]
 [ 138  269]]",0.8375
GradientBoosting,SMOTEENN,0.8611462001292511,0.7837837837837838,0.7645951035781544,0.4596541786743516,0.5794732061762035,"[[1218  375]
 [  88  319]]",0.7685
RandomForest,UnderSampling,0.8592907236975035,0.7567567567567568,0.7997489014438167,0.49122807017543857,0.5957446808510638,"[[1274  319]
 [  99  308]]",0.791
RandomForest,SMOTE,0.8587370112793842,0.687960687960688,0.8537350910232266,0.5458089668615984,0.6086956521739131,"[[1360  233]
 [ 127  280]]",0.82
RandomForest,AllKNN,0.8581555361216378,0.7027027027027027,0.8443188951663528,0.5355805243445693,0.6078639744952179,"[[1345  248]
 [ 121  286]]",0.8155
XGBoost,SMOTETomek,0.857268670827993,0.6167076167076168,0.9033270558694287,0.6197530864197531,0.6182266009852216,"[[1439  154]
 [ 156  251]]",0.845
XGBoost,SMOTE,0.8569509416967043,0.6240786240786241,0.9152542372881356,0.6529562982005142,0.6381909547738693,"[[1458  135]
 [ 153  254]]",0.856
XGBoost,OverSampling,0.8562568732060257,0.6928746928746928,0.8662900188323918,0.5696969696969697,0.6252771618625277,"[[1380  213]
 [ 125  282]]",0.831
RandomForest,ADASYN,0.8562106019733138,0.6855036855036855,0.8549905838041432,0.5470588235294118,0.608505997818975,"[[1362  231]
 [ 128  279]]",0.8205
XGBoost,ADASYN,0.8550815838951433,0.6093366093366094,0.9121155053358443,0.6391752577319587,0.6238993710691824,"[[1453  140]
 [ 159  248]]",0.8505
RandomForest,SMOTEENN,0.8541978033503458,0.7764127764127764,0.7614563716258631,0.4540229885057471,0.5729827742520399,"[[1213  380]
 [  91  316]]",0.7645
DecisionTree,SMOTE,0.8094658603133179,0.7223587223587223,0.7570621468926554,0.43171806167400884,0.5404411764705882,"[[1206  387]
 [ 113  294]]",0.75
DecisionTree,SMOTETomek,0.8067960101858409,0.7616707616707616,0.714375392341494,0.40522875816993464,0.5290102389078498,"[[1138  455]
 [  97  310]]",0.724
DecisionTree,SMOTEENN,0.8045919571343302,0.7469287469287469,0.7030759573132455,0.3912483912483912,0.5135135135135135,"[[1120  473]
 [ 103  304]]",0.712
DecisionTree,AllKNN,0.8022992175534549,0.6117936117936118,0.8242310106716887,0.4706994328922495,0.532051282051282,"[[1313  280]
 [ 158  249]]",0.781
DecisionTree,TomekLinks,0.7989005955107651,0.3488943488943489,0.9416195856873822,0.6042553191489362,0.4423676012461059,"[[1500   93]
 [ 265  142]]",0.821
DecisionTree,None,0.7887024158210598,0.3022113022113022,0.9824231010671689,0.8145695364238411,0.44086021505376344,"[[1565   28]
 [ 284  123]]",0.844
DecisionTree,ADASYN,0.7880307117595253,0.6658476658476659,0.7909604519774012,0.44867549668874174,0.5361028684470821,"[[1260  333]
 [ 136  271]]",0.7655
Logistic,UnderSampling,0.7788512703766942,0.8108108108108109,0.613308223477715,0.3488372093023256,0.4878048780487805,"[[977 616]
 [ 77 330]]",0.6535
Logistic,SMOTETomek,0.7773906417974215,0.8083538083538083,0.6139359698681732,0.3485169491525424,0.48704663212435234,"[[978 615]
 [ 78 329]]",0.6535
Logistic,OverSampling,0.7767567259092684,0.7985257985257985,0.6120527306967984,0.344644750795334,0.48148148148148145,"[[975 618]
 [ 82 325]]",0.65
Logistic,SMOTE,0.7762909288333018,0.7985257985257985,0.6151914626490897,0.3464818763326226,0.483271375464684,"[[980 613]
 [ 82 325]]",0.6525
Logistic,None,0.7748225883819103,0.8034398034398035,0.6126804770872567,0.3463983050847458,0.4840858623242043,"[[976 617]
 [ 80 327]]",0.6515
DecisionTree,UnderSampling,0.7746629526290543,0.7002457002457002,0.6986817325800376,0.37254901960784315,0.4863481228668942,"[[1113  480]
 [ 122  285]]",0.699
Logistic,ADASYN,0.7725445013580606,0.7837837837837838,0.6089139987445072,0.3386411889596603,0.4729429206819867,"[[970 623]
 [ 88 319]]",0.6445
Logistic,TomekLinks,0.7708247538756012,0.7886977886977887,0.6126804770872567,0.3422174840085288,0.47732342007434947,"[[976 617]
 [ 86 321]]",0.6485
Logistic,SMOTEENN,0.7706442960680249,0.7862407862407862,0.6095417451349655,0.33970276008492567,0.4744255003706449,"[[971 622]
 [ 87 320]]",0.6455
DecisionTree,OverSampling,0.757710715337834,0.6756756756756757,0.7062146892655368,0.37012113055181695,0.4782608695652174,"[[1125  468]
 [ 132  275]]",0.7
Logistic,AllKNN,0.7514386497437345,0.7542997542997543,0.6051475204017577,0.327991452991453,0.4571854058078928,"[[964 629]
 [100 307]]",0.6355
